{
  "X0": [
    0.72,
    0.18,
    0.1
  ],
  "P": [
    0.15,
    0.3,
    0.55
  ],
  "T": 4.0,
  "h_list": [
    0.5,
    0.25,
    0.125,
    0.0625
  ],
  "final_errors": [
    0.016426703333157044,
    0.009454069169471863,
    0.004988414110198097,
    0.0025538764930711777
  ],
  "max_errors": [
    0.13438256293544426,
    0.058679437935444334,
    0.027668398916813275,
    0.013458054220400306
  ],
  "ratios": [
    1.7375273058293794,
    1.89520536198957,
    1.9532714771963202
  ],
  "exact_final": [
    0.1604399141665785,
    0.2978021233333519,
    0.5417579625000697
  ]
}