{
  "X0": [
    0.72,
    0.18,
    0.1
  ],
  "P": [
    0.15,
    0.3,
    0.55
  ],
  "eps": 0.03,
  "alpha": 0.35,
  "R": 0.6,
  "T": 40,
  "final_state": [
    0.17440466707370617,
    0.3058505994213196,
    0.5197447335049742
  ],
  "start_kl": 0.8555667501738544,
  "end_kl": 0.0027135384275081,
  "monotone_kl": true,
  "min_coordinate": 0.17440466707370617
}